date,title,amount,
2026-04-20,Mercadinho Artur Berna,7.50
2026-04-20,99food *Spoleto Shop,39.80
2026-04-19,Mercearia Seiko,97.22
2026-04-19,Ifd*Organizacao Farmac,70.97
2026-04-19,Mercadinho Artur Berna,7.80
2026-04-18,Oba Hortifruti Analia,27.20
2026-04-18,99app *99app,7.74
2026-04-18,Ifd*Nine Nine Company,52.79
2026-04-18,Mercadinho Artur Berna,7.00
2026-04-18,Mercadinho Artur Berna,8.00
2026-04-18,Tia Cida Restaurante,58.99
2026-04-17,Mercadinho Artur Berna,12.00
2026-04-17,Apple.Com/Bill.,19.90
2026-04-17,Tia Cida Restaurante,63.98
2026-04-17,Ifd*Nine Nine Company,43.79
2026-04-17,Mercadinho Artur Berna,10.00
2026-04-16,Mercadinho Artur Berna,8.70
2026-04-16,Uber Uber *Trip Help.U,10.50
2026-04-16,Uber Uber *Trip Help.U,9.40
2026-04-16,Ifd*Nine Nine Company,35.89
2026-04-16,Donna Cacau Casa de C,10.98
2026-04-16,Mercadinho Artur Berna,9.60
2026-04-16,9d Realidade Virtual V,75.00,Lazer
2026-04-16,Administradora,26.00
2026-04-16,Mercadinho Artur Berna,3.90
2026-04-16,Outback Mooca,164.30
2026-04-16,Mercadinho Artur Berna,6.80
2026-04-15,Dl*Uberrides,9.45
2026-04-15,99app *99app,11.43
2026-04-15,Nutrisnack Funcional,53.00
2026-04-15,Dl *Uberrides,9.04
2026-04-15,Dl *Uberrides,13.39
2026-04-15,Droga Nossa,39.14
2026-04-15,99food *Espetaria Carv,38.54
2026-04-15,Dl *Uberrides,8.97
2026-04-15,Mp *Rodrigocostap,94.00
2026-04-15,Mercadinho Artur Bern,5.70
2026-04-14,Mercadinho Artur Berna,3.00
2026-04-14,99app *99app,3.00
2026-04-14,Mercadinho Artur Berna,8.45
2026-04-14,Dl*Uberrides,9.90
2026-04-14,Uber* Trip,7.34
2026-04-13,Mercadinho Artur Bern,2.70
2026-04-13,99food *Mcdonald S A,52.19
2026-04-12,Drogariasaude,32.90
2026-04-12,Mercadinho Artur Berna,11.00
2026-04-12,Mercadinho Artur Berna,9.00
2026-04-12,99food *Spoleto Shop,42.90
2026-04-12,Amazon,149.90
2026-04-11,99app *99app,15.12
2026-04-11,Mercadinho Artur Berna,11.50
2026-04-11,99app *99app,13.32
2026-04-11,Mercadinho Artur Bern,3.90
2026-04-11,Dl*Uberrides,23.69
2026-04-10,Mercadinho Artur Berna,9.00
2026-04-10,Nutrisnack Funcional,26.00
2026-04-10,Mercearia Seiko,97.35
2026-04-10,Mercadinho Artur Berna,2.00
2026-04-09,Bk*Crbio - Parcela 11/12,184.22
2026-04-09,Bk*Crbio - Parcela 12/12,184.22
2026-04-09,Bk*Crbio - Parcela 9/12,184.22
2026-04-09,Bk*Crbio - Parcela 10/12,184.22
2026-04-09,Desconto Antecipação Bk*Crbio,-15.25
2026-04-09,Mercadinho Artur Bern,1.00
2026-04-09,Andre Amaro Barbeiro,50.00
2026-04-09,Desconto Antecipação Amazon,-16.92
2026-04-09,Amazon - Parcela 8/12,31.58
2026-04-09,Amazon - Parcela 12/12,31.58
2026-04-09,Amazon - Parcela 7/12,31.58
2026-04-09,Amazon - Parcela 6/12,31.58
2026-04-09,Amazon - Parcela 5/12,31.58
2026-04-09,Amazon - Parcela 4/12,31.58
2026-04-09,Amazon - Parcela 11/12,31.58
2026-04-09,Amazon - Parcela 10/12,31.58
2026-04-09,Amazon - Parcela 9/12,31.58
2026-04-09,Amazon - Parcela 3/12,31.58
2026-04-09,Amazon - Parcela 2/12,31.58
2026-04-08,Amazon - Parcela 1/12,31.62
2026-04-05,Mlp *Kabum-Kabum,111.02
2026-04-04,Ifd*32269627 Rafael Ma,85.91
2026-04-02,Dl *Uber*Rides,7.90
2026-04-02,Conta Vivo,166.00
2026-04-02,May Bustani,15.00
2026-04-02,99app *99app,20.59
2026-03-31,Ifd*Ifood Club,5.95
2026-03-31,Ifd*Ifood Club,12.90
2026-03-30,Pagamento recebido,-4706.64
2026-03-29,Mercadinho Artur Berna,1.00
2026-03-28,Ifd*51.804.665 Carolin,29.81
2026-03-28,Mercadinho Artur Berna,1.00
2026-03-28,Mercadinho Artur Bern,34.70
2026-03-28,Nirleydatrindadeb,15.00
2026-03-28,Mp *Dmotta,9.00
2026-03-28,Mercadinho Artur Berna,1.00
2026-03-27,Bacio Di Latte-Lj0028,28.95
2026-03-27,Uber Uber *Trip Help.U,6.73
2026-03-27,Mercadinho Artur Berna,1.00
2026-03-27,Uber Uber *Trip Help.U,28.63
2026-03-27,Mercadinho Artur Berna,1.00
2026-03-27,Recarga de celular,60.00
2026-03-27,99app *99app,18.40
2026-03-26,Mercadinho Artur Bern,5.00
2026-03-26,99app *99app,10.40
2026-03-26,Mercadinho Artur Berna,9.80
2026-03-26,Dl *Uberrides,30.33
2026-03-25,Metro*1t260324-T6cw,5.40
2026-03-25,Dl *Uberrides,9.64
2026-03-25,Nutrisnack Funcional,6.00
2026-03-25,"Estorno de ""Mercadolivre*Mercadol"" (Mercado Livre)",-51.99
2026-03-25,Nutrisnack Funcional,20.00
2026-03-25,Mp *Rodrigocostap,50.00
2026-03-25,Mercadinho Artur Bern,12.20
2026-03-24,Mercadinho Artur Berna,0.90
2026-03-24,Mercadinho Artur Berna,5.40
2026-03-24,99app *99app,11.80
2026-03-24,Mercadinho Artur Bern,4.00
2026-03-24,Ifd*Drogaria Sao Paulo,67.97
2026-03-22,Shopee *Diverland,14.99
2026-03-22,Cortesia Auto Posto,100.00
2026-03-22,Ifd*32269627 Rafael Ma,102.88
2026-03-22,Mp *Acaialegria,38.25
2026-03-22,Mp *Acaialegria,13.97
2026-03-21,Bk*Crbio - Parcela 8/12,184.22
2026-03-21,Mercadolivre*Mercadol - Parcela 2/2,25.99
2026-03-21,Mercadinho Artur Berna,1.90
2026-03-21,99app *99app,12.87
2026-03-21,Mercadinho Artur Berna,5.00
2026-03-21,99app *99app,10.80
2026-03-21,Carrefour Tte - Parcela 3/3,47.75
